{"accuracy": 0.75, "f1": 0.7540983606557378, "roc_auc": 0.9029017857142857}