{"accuracy": 0.7833333333333333, "f1": 0.7796610169491526, "roc_auc": 0.9051339285714286}