{"f1_score": 0.3157894736842105, "accuracy_score": 0.5666666666666667}